{"initial_reset_timestamp": 1557300625.9181101, "timestamps": [1557300670.6160753], "episode_lengths": [1017], "episode_rewards": [-21.0], "episode_types": ["t"]}