{"initial_reset_timestamp": 1557470843.2265642, "timestamps": [1557470893.9768965], "episode_lengths": [1021], "episode_rewards": [-21.0], "episode_types": ["t"]}